{"cameraMode":{"drawMode":0,"name":"Shaded","section":"Shading Mode"},"sceneLighting":false,"audioPlay":false,"sceneViewState":{"m_AlwaysRefresh":false,"showFog":true,"showSkybox":false,"showFlares":true,"showImageEffects":true,"showParticleSystems":true,"showVisualEffectGraphs":true,"m_FxEnabled":true},"in2DMode":false,"pivot":{"x":-0.019723445177078248,"y":0.695022702217102,"z":-0.17587314546108247},"rotation":{"x":-0.04365631565451622,"y":-0.08023982495069504,"z":0.003505903296172619,"w":-0.9958223104476929},"size":0.9949299693107605,"orthographic":false}