{"cameraMode":{"drawMode":0,"name":"Shaded","section":"Shading Mode"},"sceneLighting":false,"audioPlay":false,"sceneViewState":{"m_AlwaysRefresh":false,"showFog":true,"showSkybox":true,"showFlares":true,"showImageEffects":true,"showParticleSystems":true,"showVisualEffectGraphs":true,"m_FxEnabled":true},"in2DMode":false,"pivot":{"x":497.4613037109375,"y":158.7146453857422,"z":-124.06241607666016},"rotation":{"x":0.013750475831329823,"y":-0.35167840123176577,"z":-0.005166905000805855,"w":-0.9360120892524719},"size":341.0633239746094,"orthographic":false}