{"cameraMode":{"drawMode":0,"name":"Shaded","section":"Shading Mode"},"sceneLighting":false,"audioPlay":false,"sceneViewState":{"m_AlwaysRefresh":false,"showFog":true,"showSkybox":true,"showFlares":true,"showImageEffects":true,"showParticleSystems":true,"showVisualEffectGraphs":true,"m_FxEnabled":true},"in2DMode":false,"pivot":{"x":152.98272705078126,"y":474.7322998046875,"z":449.4322814941406},"rotation":{"x":0.1164228543639183,"y":-0.006854603067040443,"z":-0.0008048933814279735,"w":-0.9931819438934326},"size":341.0633239746094,"orthographic":false}