{"cameraMode":{"drawMode":0,"name":"Shaded","section":"Shading Mode"},"sceneLighting":false,"audioPlay":false,"sceneViewState":{"m_AlwaysRefresh":false,"showFog":true,"showSkybox":true,"showFlares":true,"showImageEffects":true,"showParticleSystems":true,"showVisualEffectGraphs":true,"m_FxEnabled":true},"in2DMode":false,"pivot":{"x":1.3381332159042359,"y":0.9405865669250488,"z":-1.8794461488723755},"rotation":{"x":-0.10683038085699082,"y":0.5688647031784058,"z":-0.07484032213687897,"w":-0.8120220899581909},"size":0.6864967346191406,"orthographic":false}