{"cameraMode":{"drawMode":0,"name":"Shaded","section":"Shading Mode"},"sceneLighting":false,"audioPlay":false,"sceneViewState":{"m_AlwaysRefresh":false,"showFog":true,"showSkybox":true,"showFlares":true,"showImageEffects":true,"showParticleSystems":true,"showVisualEffectGraphs":true,"m_FxEnabled":true},"in2DMode":false,"pivot":{"x":0.019383098930120469,"y":0.6496354341506958,"z":-0.07570308446884155},"rotation":{"x":-0.04365631565451622,"y":-0.08023982495069504,"z":0.003505903296172619,"w":-0.9958223104476929},"size":0.5192776918411255,"orthographic":false}