{"cameraMode":{"drawMode":0,"name":"Shaded","section":"Shading Mode"},"sceneLighting":false,"audioPlay":false,"sceneViewState":{"m_AlwaysRefresh":false,"showFog":true,"showSkybox":true,"showFlares":true,"showImageEffects":true,"showParticleSystems":true,"showVisualEffectGraphs":true,"m_FxEnabled":true},"in2DMode":false,"pivot":{"x":109.92501068115235,"y":413.4188232421875,"z":523.8124389648438},"rotation":{"x":0.08740576356649399,"y":0.12280628830194473,"z":0.010846642777323723,"w":-0.9885253310203552},"size":449.23553466796877,"orthographic":false}