{"cameraMode":{"drawMode":0,"name":"Shaded","section":"Shading Mode"},"sceneLighting":false,"audioPlay":false,"sceneViewState":{"m_AlwaysRefresh":false,"showFog":true,"showSkybox":true,"showFlares":true,"showImageEffects":true,"showParticleSystems":true,"showVisualEffectGraphs":true,"m_FxEnabled":true},"in2DMode":false,"pivot":{"x":-1.7529101371765137,"y":-18.46600914001465,"z":97.14921569824219},"rotation":{"x":-0.10211490094661713,"y":0.01850007101893425,"z":-0.0018994954880326987,"w":-0.9946048855781555},"size":49.58216094970703,"orthographic":false}